{
    "countries": [
        { "id": 1, "name": "Spain", "group": "H", "coach": "Vicente del Bosque" },
        { "id": 2, "name": "Netherlands", "group": "E", "coach": "Bert van Marwijk" },
        { "id": 3, "name": "Germany", "group": "D", "coach": "Joachim Löw" },
        { "id": 4, "name": "Uruguay", "group": "A", "coach": "Óscar Tabárez" },
        { "id": 5, "name": "Argentina", "group": "B", "coach": "Diego Maradona" },
        { "id": 6, "name": "Brazil", "group": "G", "coach": "Dunga" },
        { "id": 7, "name": "Ghana", "group": "D", "coach": "Milovan Rajevac" },
        { "id": 8, "name": "Paraguay", "group": "F", "coach": "Gerardo Martino" },
        { "id": 9, "name": "Netherlands", "group": "E", "coach": "Bert van Marwijk" },
        { "id": 10, "name": "England", "group": "C", "coach": "Fabio Capello" },
        { "id": 11, "name": "Chile", "group": "H", "coach": "Marcelo Bielsa" },
        { "id": 12, "name": "France", "group": "A", "coach": "Raymond Domenech" }
      ],
    "players": [
      { "id": 101, "name": "Iker Casillas", "position": "Goalkeeper", "age": 29, "nationality": "Spanish", "team": 1 },
      { "id": 102, "name": "Carles Puyol", "position": "Defender", "age": 32, "nationality": "Spanish", "team": 1 },
      { "id": 103, "name": "Andrés Iniesta", "position": "Midfielder", "age": 26, "nationality": "Spanish", "team": 1 },
      { "id": 104, "name": "David Villa", "position": "Forward", "age": 28, "nationality": "Spanish", "team": 1 },
      { "id": 105, "name": "Xavi Hernández", "position": "Midfielder", "age": 30, "nationality": "Spanish", "team": 1 },
      { "id": 106, "name": "Sergio Ramos", "position": "Defender", "age": 24, "nationality": "Spanish", "team": 1 },
      { "id": 107, "name": "Fernando Torres", "position": "Forward", "age": 26, "nationality": "Spanish", "team": 1 },
      { "id": 108, "name": "Gerard Piqué", "position": "Defender", "age": 23, "nationality": "Spanish", "team": 1 },
      { "id": 109, "name": "Cesc Fàbregas", "position": "Midfielder", "age": 23, "nationality": "Spanish", "team": 1 },
      { "id": 110, "name": "Joan Capdevila", "position": "Defender", "age": 32, "nationality": "Spanish", "team": 1 },
      { "id": 201, "name": "Wesley Sneijder", "position": "Midfielder", "age": 26, "nationality": "Dutch", "team": 2 },
      { "id": 202, "name": "Arjen Robben", "position": "Forward", "age": 26, "nationality": "Dutch", "team": 2 },
      { "id": 203, "name": "Robin van Persie", "position": "Forward", "age": 26, "nationality": "Dutch", "team": 2 },
      { "id": 204, "name": "Giovanni van Bronckhorst", "position": "Defender", "age": 35, "nationality": "Dutch", "team": 2 },
      { "id": 205, "name": "Maarten Stekelenburg", "position": "Goalkeeper", "age": 27, "nationality": "Dutch", "team": 2 },
      { "id": 301, "name": "Thomas Müller", "position": "Forward", "age": 20, "nationality": "German", "team": 3 },
      { "id": 302, "name": "Miroslav Klose", "position": "Forward", "age": 32, "nationality": "German", "team": 3 },
      { "id": 303, "name": "Bastian Schweinsteiger", "position": "Midfielder", "age": 25, "nationality": "German", "team": 3 },
      { "id": 304, "name": "Philipp Lahm", "position": "Defender", "age": 26, "nationality": "German", "team": 3 },
      { "id": 305, "name": "Manuel Neuer", "position": "Goalkeeper", "age": 24, "nationality": "German", "team": 3 },
      { "id": 401, "name": "Diego Forlán", "position": "Forward", "age": 31, "nationality": "Uruguayan", "team": 4 },
      { "id": 402, "name": "Luis Suárez", "position": "Forward", "age": 23, "nationality": "Uruguayan", "team": 4 },
      { "id": 403, "name": "Edinson Cavani", "position": "Forward", "age": 23, "nationality": "Uruguayan", "team": 4 },
      { "id": 404, "name": "Diego Lugano", "position": "Defender", "age": 29, "nationality": "Uruguayan", "team": 4 },
      { "id": 405, "name": "Fernando Muslera", "position": "Goalkeeper", "age": 24, "nationality": "Uruguayan", "team": 4 },
      { "id": 501, "name": "Lionel Messi", "position": "Forward", "age": 23, "nationality": "Argentinian", "team": 5 },
      { "id": 502, "name": "Gonzalo Higuaín", "position": "Forward", "age": 22, "nationality": "Argentinian", "team": 5 },
      { "id": 503, "name": "Carlos Tévez", "position": "Forward", "age": 26, "nationality": "Argentinian", "team": 5 },
      { "id": 504, "name": "Javier Mascherano", "position": "Midfielder", "age": 26, "nationality": "Argentinian", "team": 5 },
      { "id": 505, "name": "Sergio Romero", "position": "Goalkeeper", "age": 23, "nationality": "Argentinian", "team": 5 },
      { "id": 601, "name": "Kaká", "position": "Midfielder", "age": 28, "nationality": "Brazilian", "team": 6 },
      { "id": 602, "name": "Luis Fabiano", "position": "Forward", "age": 29, "nationality": "Brazilian", "team": 6 },
      { "id": 603, "name": "Robinho", "position": "Forward", "age": 26, "nationality": "Brazilian", "team": 6 },
      { "id": 604, "name": "Lucio", "position": "Defender", "age": 32, "nationality": "Brazilian", "team": 6 },
      { "id": 605, "name": "Júlio César", "position": "Goalkeeper", "age": 30, "nationality": "Brazilian", "team": 6 },
      { "id": 701, "name": "Asamoah Gyan", "position": "Forward", "age": 24, "nationality": "Ghanaian", "team": 7 },
      { "id": 702, "name": "Kevin-Prince Boateng", "position": "Midfielder", "age": 23, "nationality": "Ghanaian", "team": 7 },
      { "id": 703, "name": "Sulley Muntari", "position": "Midfielder", "age": 25, "nationality": "Ghanaian", "team": 7 },
      { "id": 704, "name": "André Ayew", "position": "Forward", "age": 20, "nationality": "Ghanaian", "team": 7 },
      { "id": 705, "name": "Richard Kingson", "position": "Goalkeeper", "age": 32, "nationality": "Ghanaian", "team": 7 },
      { "id": 801, "name": "Roque Santa Cruz", "position": "Forward", "age": 28, "nationality": "Paraguayan", "team": 8 },
      { "id": 802, "name": "Oscar Cardozo", "position": "Forward", "age": 27, "nationality": "Paraguayan", "team": 8 },
      { "id": 803, "name": "Nelson Valdez", "position": "Forward", "age": 26, "nationality": "Paraguayan", "team": 8 },
      { "id": 804, "name": "Justo Villar", "position": "Goalkeeper", "age": 32, "nationality": "Paraguayan", "team": 8 },
      { "id": 805, "name": "Paulo da Silva", "position": "Defender", "age": 30, "nationality": "Paraguayan", "team": 8 },
      { "id": 901, "name": "Steven Gerrard", "position": "Midfielder", "age": 30, "nationality": "English", "team": 10 },
      { "id": 902, "name": "Frank Lampard", "position": "Midfielder", "age": 32, "nationality": "English", "team": 10 },
      { "id": 903, "name": "Wayne Rooney", "position": "Forward", "age": 24, "nationality": "English", "team": 10 },
      { "id": 904, "name": "John Terry", "position": "Defender", "age": 29, "nationality": "English", "team": 10 },
      { "id": 905, "name": "Joe Hart", "position": "Goalkeeper", "age": 23, "nationality": "English", "team": 10 },
      { "id": 1001, "name": "Claudio Bravo", "position": "Goalkeeper", "age": 27, "nationality": "Chilean", "team": 11 },
      { "id": 1002, "name": "Alexis Sánchez", "position": "Forward", "age": 21, "nationality": "Chilean", "team": 11 },
      { "id": 1003, "name": "Arturo Vidal", "position": "Midfielder", "age": 23, "nationality": "Chilean", "team": 11 },
      { "id": 1004, "name": "Gary Medel", "position": "Defender", "age": 22, "nationality": "Chilean", "team": 11 },
      { "id": 1005, "name": "Humberto Suazo", "position": "Forward", "age": 29, "nationality": "Chilean", "team": 11 },
      { "id": 1101, "name": "Hugo Lloris", "position": "Goalkeeper", "age": 23, "nationality": "French", "team": 12 },
      { "id": 1102, "name": "Patrice Evra", "position": "Defender", "age": 29, "nationality": "French", "team": 12 },
      { "id": 1103, "name": "Franck Ribéry", "position": "Midfielder", "age": 27, "nationality": "French", "team": 12 },
      { "id": 1104, "name": "Nicolas Anelka", "position": "Forward", "age": 31, "nationality": "French", "team": 12 },
      { "id": 1105, "name": "Thierry Henry", "position": "Forward", "age": 32, "nationality": "French", "team": 12 }
    ]    
}  